first_name,last_name,contract_year,spotrac_link,candidates,added_at
Jonathon,Niese,2011,https://www.spotrac.com/mlb/player/_/id/7456/jonathon-niese,{},2026-03-29 17:47:54
David,Carpenter,2011,https://www.spotrac.com/mlb/player/_/id/8684/david-carpenter,"{""3959"": ""David Carpenter (2011-2013)"", ""9244"": ""David Carpenter (2012-2013)""}",2026-03-29 17:48:26
Manuel,Pina,2011,https://www.spotrac.com/mlb/player/_/id/8525/manuel-pina,{},2026-03-29 17:48:38
Michael,Fiers,2011,https://www.spotrac.com/mlb/player/_/id/8696/michael-fiers,{},2026-03-29 17:48:39
Nathan,Adcock,2011,https://www.spotrac.com/mlb/player/_/id/7661/nathan-adcock,{},2026-03-29 17:48:41
B. J.,Upton,2011,https://www.spotrac.com/mlb/player/_/id/854/bj-upton,{},2026-03-29 17:48:56
Nathan,Adcock,2012,https://www.spotrac.com/mlb/player/_/id/7661/nathan-adcock,{},2026-03-29 17:49:18
Christopher,Leroux,2012,https://www.spotrac.com/mlb/player/_/id/7485/christopher-leroux,{},2026-03-29 17:49:21
David,Carpenter,2012,https://www.spotrac.com/mlb/player/_/id/8684/david-carpenter,"{""3959"": ""David Carpenter (2011-2014)"", ""9244"": ""David Carpenter (2012-2014)""}",2026-03-29 17:49:22
Michael,Nickeas,2012,https://www.spotrac.com/mlb/player/_/id/7455/michael-nickeas,{},2026-03-29 17:49:26
Manuel,Pina,2012,https://www.spotrac.com/mlb/player/_/id/8525/manuel-pina,{},2026-03-29 17:49:26
Kris,Negrón,2012,https://www.spotrac.com/mlb/player/_/id/11461/kris-negr%C3%B3n,{},2026-03-29 17:49:44
Luis,Jimenez,2012,https://www.spotrac.com/mlb/player/_/id/11488/luis-jimenez,"{""2602"": ""Luis Jimenez (2012-2012)"", ""6341"": ""Luis Jimenez (2013-2014)""}",2026-03-29 17:49:44
Michael,Fiers,2012,https://www.spotrac.com/mlb/player/_/id/8696/michael-fiers,{},2026-03-29 17:49:46
Oliver,Drake,2012,https://www.spotrac.com/mlb/player/_/id/11636/oliver-drake,{},2026-03-29 17:49:48
Jonathon,Niese,2012,https://www.spotrac.com/mlb/player/_/id/7456/jonathon-niese,{},2026-03-29 17:49:57
B. J.,Upton,2012,https://www.spotrac.com/mlb/player/_/id/854/bj-upton,{},2026-03-29 17:49:59
Mike,Morse,2012,https://www.spotrac.com/mlb/player/_/id/7548/mike-morse,{},2026-03-29 17:50:12
Vincente,Padilla,2012,https://www.spotrac.com/mlb/player/_/id/5393/vincente-padilla,{},2026-03-29 17:50:32
Chris,Carpenter,2012,https://www.spotrac.com/mlb/player/_/id/774/chris-carpenter,"{""1292"": ""Chris Carpenter (2010-2012)"", ""8556"": ""Chris Carpenter (2011-2012)""}",2026-03-29 17:50:45
Christopher,Leroux,2013,https://www.spotrac.com/mlb/player/_/id/7485/christopher-leroux,{},2026-03-29 17:50:46
Miguel,Gonzalez,2013,https://www.spotrac.com/mlb/player/_/id/5193/miguel-gonzalez,"{""7024"": ""Miguel Gonzalez (2012-2015)"", ""4049"": ""Miguel Gonzalez (2013-2013)"", ""15675"": ""Miguel Gonzalez (2014-2014)""}",2026-03-29 17:50:47
Nathan,Adcock,2013,https://www.spotrac.com/mlb/player/_/id/7661/nathan-adcock,{},2026-03-29 17:50:47
Michael,Fiers,2013,https://www.spotrac.com/mlb/player/_/id/8696/michael-fiers,{},2026-03-29 17:50:48
David,Carpenter,2013,https://www.spotrac.com/mlb/player/_/id/10670/david-carpenter,"{""3959"": ""David Carpenter (2011-2015)"", ""9244"": ""David Carpenter (2012-2015)""}",2026-03-29 17:50:50
Aaron,Northcraft,2013,https://www.spotrac.com/mlb/player/_/id/12143/aaron-northcraft,{},2026-03-29 17:50:51
Luis,Jimenez,2013,https://www.spotrac.com/mlb/player/_/id/11488/luis-jimenez,"{""2602"": ""Luis Jimenez (2012-2012)"", ""6341"": ""Luis Jimenez (2013-2015)""}",2026-03-29 17:51:10
Nate,Karns,2013,https://www.spotrac.com/mlb/player/_/id/12065/nate-karns,{},2026-03-29 17:51:13
Philip,Gosselin,2013,https://www.spotrac.com/mlb/player/_/id/14031/philip-gosselin,{},2026-03-29 17:51:14
José,Ramírez,2013,https://www.spotrac.com/mlb/player/_/id/14106/jos%C3%A9-ram%C3%ADrez,"{""13510"": ""Jose Ramirez (2013-2015)"", ""10171"": ""Jose Ramirez (2014-2015)""}",2026-03-29 17:51:21
Steven,Pearce,2013,https://www.spotrac.com/mlb/player/_/id/7494/steven-pearce,{},2026-03-29 17:51:28
B. J.,Upton,2013,https://www.spotrac.com/mlb/player/_/id/854/bj-upton,{},2026-03-29 17:51:31
Mike,Gonzalez,2013,https://www.spotrac.com/mlb/player/_/id/18/mike-gonzalez,{},2026-03-29 17:51:44
David,Carpenter,2014,https://www.spotrac.com/mlb/player/_/id/8684/david-carpenter,"{""3959"": ""David Carpenter (2012-2015)"", ""9244"": ""David Carpenter (2012-2015)""}",2026-03-29 17:51:56
Miguel,Gonzalez,2014,https://www.spotrac.com/mlb/player/_/id/5193/miguel-gonzalez,"{""7024"": ""Miguel Gonzalez (2012-2016)"", ""4049"": ""Miguel Gonzalez (2013-2013)"", ""15675"": ""Miguel Gonzalez (2014-2014)""}",2026-03-29 17:51:56
Aaron,Northcraft,2014,https://www.spotrac.com/mlb/player/_/id/12143/aaron-northcraft,{},2026-03-29 17:51:58
Brian,Moran,2014,https://www.spotrac.com/mlb/player/_/id/14217/brian-moran,{},2026-03-29 17:52:02
José,Ramírez,2014,https://www.spotrac.com/mlb/player/_/id/14106/jos%C3%A9-ram%C3%ADrez,"{""13510"": ""Jose Ramirez (2013-2016)"", ""10171"": ""Jose Ramirez (2014-2016)""}",2026-03-29 17:52:15
Kelly,Dugan,2014,https://www.spotrac.com/mlb/player/_/id/16051/kelly-dugan,{},2026-03-29 17:52:16
Matt,Duffy,2014,https://www.spotrac.com/mlb/player/_/id/15672/matt-duffy,"{""13836"": ""Matt Duffy (2014-2016)"", ""12181"": ""Matt Duffy (2015-2016)""}",2026-03-29 17:52:20
Michael,Fiers,2014,https://www.spotrac.com/mlb/player/_/id/8696/michael-fiers,{},2026-03-29 17:52:20
Nate,Karns,2014,https://www.spotrac.com/mlb/player/_/id/12065/nate-karns,{},2026-03-29 17:52:22
Philip,Gosselin,2014,https://www.spotrac.com/mlb/player/_/id/14031/philip-gosselin,{},2026-03-29 17:52:24
Steven,Pearce,2014,https://www.spotrac.com/mlb/player/_/id/7494/steven-pearce,{},2026-03-29 17:52:37
Chris,Young,2014,https://www.spotrac.com/mlb/player/_/id/131/chris-young,"{""3882"": ""Chris Young (2012-2016)"", ""3196"": ""Chris Young (2012-2016)""}",2026-03-29 17:52:44
Mike,Morse,2014,https://www.spotrac.com/mlb/player/_/id/7548/mike-morse,{},2026-03-29 17:52:45
Juan,Carlos Oviedo,2014,https://www.spotrac.com/mlb/player/_/id/416/juan-carlos-oviedo,{},2026-03-29 17:52:48
Michael,Fiers,2015,https://www.spotrac.com/mlb/player/_/id/8696/michael-fiers,{},2026-03-29 17:52:54
José,Ramírez,2015,https://www.spotrac.com/mlb/player/_/id/14106/jos%C3%A9-ram%C3%ADrez,"{""13510"": ""Jose Ramirez (2013-2017)"", ""10171"": ""Jose Ramirez (2014-2017)""}",2026-03-29 17:52:54
Matt,Duffy,2015,https://www.spotrac.com/mlb/player/_/id/15672/matt-duffy,"{""13836"": ""Matt Duffy (2014-2016)"", ""12181"": ""Matt Duffy (2015-2016)""}",2026-03-29 17:52:55
Nate,Karns,2015,https://www.spotrac.com/mlb/player/_/id/12065/nate-karns,{},2026-03-29 17:52:56
C. J.,Edwards,2015,https://www.spotrac.com/mlb/player/_/id/16514/cj-edwards,{},2026-03-29 17:53:03
Giovanny,Urshela,2015,https://www.spotrac.com/mlb/player/_/id/16522/giovanny-urshela,{},2026-03-29 17:53:09
Jake,Brigham,2015,https://www.spotrac.com/mlb/player/_/id/11623/jake-brigham,{},2026-03-29 17:53:11
Philip,Gosselin,2015,https://www.spotrac.com/mlb/player/_/id/14031/philip-gosselin,{},2026-03-29 17:53:26
Steve,Baron,2015,https://www.spotrac.com/mlb/player/_/id/18205/steve-baron,{},2026-03-29 17:53:32
Kris,Negrón,2015,https://www.spotrac.com/mlb/player/_/id/11461/kris-negr%C3%B3n,{},2026-03-29 17:53:38
David,Carpenter,2015,https://www.spotrac.com/mlb/player/_/id/10670/david-carpenter,"{""9244"": ""David Carpenter (2013-2015)"", ""3959"": ""David Carpenter (2013-2015)""}",2026-03-29 17:53:38
Steven,Pearce,2015,https://www.spotrac.com/mlb/player/_/id/7494/steven-pearce,{},2026-03-29 17:53:40
Miguel,Gonzalez,2015,https://www.spotrac.com/mlb/player/_/id/5193/miguel-gonzalez,"{""4049"": ""Miguel Gonzalez (2013-2013)"", ""7024"": ""Miguel Gonzalez (2013-2017)"", ""15675"": ""Miguel Gonzalez (2014-2014)""}",2026-03-29 17:53:40
Mike,Morse,2015,https://www.spotrac.com/mlb/player/_/id/7548/mike-morse,{},2026-03-29 17:53:45
Chris,Young,2015,https://www.spotrac.com/mlb/player/_/id/131/chris-young,"{""3882"": ""Chris Young (2013-2017)"", ""3196"": ""Chris Young (2014-2017)""}",2026-03-29 17:53:48
Jeremy,McBryde,2015,https://www.spotrac.com/mlb/player/_/id/15967/jeremy-mcbryde,{},2026-03-29 17:53:49
Matt,Duffy,2016,https://www.spotrac.com/mlb/player/_/id/15672/matt-duffy,"{""13836"": ""Matt Duffy (2014-2018)"", ""12181"": ""Matt Duffy (2015-2016)""}",2026-03-29 17:53:52
Michael,Fiers,2016,https://www.spotrac.com/mlb/player/_/id/8696/michael-fiers,{},2026-03-29 17:53:52
Nate,Karns,2016,https://www.spotrac.com/mlb/player/_/id/12065/nate-karns,{},2026-03-29 17:53:53
José,Ramírez,2016,https://www.spotrac.com/mlb/player/_/id/14106/jos%C3%A9-ram%C3%ADrez,"{""13510"": ""Jose Ramirez (2014-2018)"", ""10171"": ""Jose Ramirez (2014-2018)""}",2026-03-29 17:53:53
Philip,Gosselin,2016,https://www.spotrac.com/mlb/player/_/id/14031/philip-gosselin,{},2026-03-29 17:53:53
Brandon,Brennan,2016,https://www.spotrac.com/mlb/player/_/id/18373/brandon-brennan,{},2026-03-29 17:54:00
Bubba,Starling,2016,https://www.spotrac.com/mlb/player/_/id/18383/bubba-starling,{},2026-03-29 17:54:02
C. J.,Edwards,2016,https://www.spotrac.com/mlb/player/_/id/16514/cj-edwards,{},2026-03-29 17:54:02
Chris,Lee,2016,https://www.spotrac.com/mlb/player/_/id/18367/chris-lee,{},2026-03-29 17:54:05
Chris,Smith,2016,https://www.spotrac.com/mlb/player/_/id/18514/chris-smith,"{""4544"": ""Chris Smith (2016-2017)"", ""14449"": ""Chris Smith (2017-2017)""}",2026-03-29 17:54:05
Dan,Vogelbach,2016,https://www.spotrac.com/mlb/player/_/id/18369/dan-vogelbach,{},2026-03-29 17:54:07
Joseph,Biagini,2016,https://www.spotrac.com/mlb/player/_/id/18460/joseph-biagini,{},2026-03-29 17:54:20
Manuel,Pina,2016,https://www.spotrac.com/mlb/player/_/id/8525/manuel-pina,{},2026-03-29 17:54:24
Miguel,Gonzalez,2016,https://www.spotrac.com/mlb/player/_/id/5193/miguel-gonzalez,"{""15675"": ""Miguel Gonzalez (2014-2014)"", ""7024"": ""Miguel Gonzalez (2014-2018)""}",2026-03-29 17:54:45
Chris,Young,2016,https://www.spotrac.com/mlb/player/_/id/131/chris-young,"{""3882"": ""Chris Young (2014-2018)"", ""3196"": ""Chris Young (2014-2017)""}",2026-03-29 17:54:50
Steven,Pearce,2016,https://www.spotrac.com/mlb/player/_/id/7494/steven-pearce,{},2026-03-29 17:54:51
José,Ramírez,2017,https://www.spotrac.com/mlb/player/_/id/14106/jos%C3%A9-ram%C3%ADrez,"{""13510"": ""Jose Ramirez (2015-2019)"", ""10171"": ""Jose Ramirez (2015-2018)""}",2026-03-29 17:54:57
Nate,Karns,2017,https://www.spotrac.com/mlb/player/_/id/12065/nate-karns,{},2026-03-29 17:54:57
Philip,Gosselin,2017,https://www.spotrac.com/mlb/player/_/id/14031/philip-gosselin,{},2026-03-29 17:54:57
C. J.,Edwards,2017,https://www.spotrac.com/mlb/player/_/id/16514/cj-edwards,{},2026-03-29 17:54:58
Matt,Duffy,2017,https://www.spotrac.com/mlb/player/_/id/15672/matt-duffy,"{""13836"": ""Matt Duffy (2015-2019)"", ""12181"": ""Matt Duffy (2015-2016)""}",2026-03-29 17:54:58
Manuel,Pina,2017,https://www.spotrac.com/mlb/player/_/id/8525/manuel-pina,{},2026-03-29 17:54:59
Cameron,Perkins,2017,https://www.spotrac.com/mlb/player/_/id/23531/cameron-perkins,{},2026-03-29 17:55:09
Chris,Bostick,2017,https://www.spotrac.com/mlb/player/_/id/18315/chris-bostick,{},2026-03-29 17:55:11
Chris,Smith,2017,https://www.spotrac.com/mlb/player/_/id/18514/chris-smith,"{""4544"": ""Chris Smith (2016-2017)"", ""14449"": ""Chris Smith (2017-2017)""}",2026-03-29 17:55:12
Clint,Frazier,2017,https://www.spotrac.com/mlb/player/_/id/23831/clint-frazier,{},2026-03-29 17:55:13
Dan,Vogelbach,2017,https://www.spotrac.com/mlb/player/_/id/18369/dan-vogelbach,{},2026-03-29 17:55:14
Daniel,Robertson,2017,https://www.spotrac.com/mlb/player/_/id/18505/daniel-robertson,"{""6266"": ""Daniel Robertson (2015-2017)"", ""14145"": ""Daniel Robertson (2017-2019)""}",2026-03-29 17:55:14
Giovanny,Urshela,2017,https://www.spotrac.com/mlb/player/_/id/16522/giovanny-urshela,{},2026-03-29 17:55:22
Jake,Junis,2017,https://www.spotrac.com/mlb/player/_/id/21203/jake-junis,{},2026-03-29 17:55:27
Jose,Marmolejos,2017,https://www.spotrac.com/mlb/player/_/id/21137/jose-marmolejos,{},2026-03-29 17:55:30
Joseph,Biagini,2017,https://www.spotrac.com/mlb/player/_/id/18460/joseph-biagini,{},2026-03-29 17:55:31
Kevin,Gadea,2017,https://www.spotrac.com/mlb/player/_/id/21273/kevin-gadea,{},2026-03-29 17:55:32
Michael,Fiers,2017,https://www.spotrac.com/mlb/player/_/id/8696/michael-fiers,{},2026-03-29 17:55:59
Steven,Pearce,2017,https://www.spotrac.com/mlb/player/_/id/7494/steven-pearce,{},2026-03-29 17:56:02
C. J.,Edwards,2018,https://www.spotrac.com/mlb/player/_/id/16514/cj-edwards,{},2026-03-29 17:56:05
Manuel,Pina,2018,https://www.spotrac.com/mlb/player/_/id/8525/manuel-pina,{},2026-03-29 17:56:05
Clint,Frazier,2018,https://www.spotrac.com/mlb/player/_/id/23831/clint-frazier,{},2026-03-29 17:56:06
Jake,Junis,2018,https://www.spotrac.com/mlb/player/_/id/21203/jake-junis,{},2026-03-29 17:56:07
Daniel,Robertson,2018,https://www.spotrac.com/mlb/player/_/id/18505/daniel-robertson,"{""6266"": ""Daniel Robertson (2016-2017)"", ""14145"": ""Daniel Robertson (2017-2020)""}",2026-03-29 17:56:07
Giovanny,Urshela,2018,https://www.spotrac.com/mlb/player/_/id/16522/giovanny-urshela,{},2026-03-29 17:56:07
Dan,Vogelbach,2018,https://www.spotrac.com/mlb/player/_/id/18369/dan-vogelbach,{},2026-03-29 17:56:08
Brent,Honeywell,2018,https://www.spotrac.com/mlb/player/_/id/18506/brent-honeywell,{},2026-03-29 17:56:15
Chris,Bostick,2018,https://www.spotrac.com/mlb/player/_/id/18315/chris-bostick,{},2026-03-29 17:56:18
Domingo,Acevedo,2018,https://www.spotrac.com/mlb/player/_/id/24588/domingo-acevedo,{},2026-03-29 17:56:24
Joe,Palumbo,2018,https://www.spotrac.com/mlb/player/_/id/24569/joe-palumbo,{},2026-03-29 17:56:37
Joseph,Biagini,2018,https://www.spotrac.com/mlb/player/_/id/18460/joseph-biagini,{},2026-03-29 17:56:40
Julian,Fernández,2018,https://www.spotrac.com/mlb/player/_/id/24987/julian-fern%C3%A1ndez,{},2026-03-29 17:56:42
Luis,Ortiz,2018,https://www.spotrac.com/mlb/player/_/id/17706/luis-ortiz,{},2026-03-29 17:56:45
Steve,Baron,2018,https://www.spotrac.com/mlb/player/_/id/18205/steve-baron,{},2026-03-29 17:56:58
Steve,Wilkerson,2018,https://www.spotrac.com/mlb/player/_/id/26830/steve-wilkerson,{},2026-03-29 17:56:58
Nate,Karns,2018,https://www.spotrac.com/mlb/player/_/id/12065/nate-karns,{},2026-03-29 17:57:08
Matt,Duffy,2018,https://www.spotrac.com/mlb/player/_/id/15672/matt-duffy,"{""13836"": ""Matt Duffy (2016-2019)"", ""12181"": ""Matt Duffy (2016-2016)""}",2026-03-29 17:57:09
Michael,Fiers,2018,https://www.spotrac.com/mlb/player/_/id/8696/michael-fiers,{},2026-03-29 17:57:10
Chris,Young,2018,https://www.spotrac.com/mlb/player/_/id/131/chris-young,"{""3882"": ""Chris Young (2016-2018)"", ""3196"": ""Chris Young (2016-2017)""}",2026-03-29 17:57:11
Jake,Junis,2019,https://www.spotrac.com/mlb/player/_/id/21203/jake-junis,{},2026-03-29 17:57:13
Daniel,Robertson,2019,https://www.spotrac.com/mlb/player/_/id/18505/daniel-robertson,"{""14145"": ""Daniel Robertson (2017-2021)"", ""6266"": ""Daniel Robertson (2017-2017)""}",2026-03-29 17:57:13
Clint,Frazier,2019,https://www.spotrac.com/mlb/player/_/id/23831/clint-frazier,{},2026-03-29 17:57:14
Dan,Vogelbach,2019,https://www.spotrac.com/mlb/player/_/id/18369/dan-vogelbach,{},2026-03-29 17:57:15
Anderson,Espinoza,2019,https://www.spotrac.com/mlb/player/_/id/28168/anderson-espinoza,{},2026-03-29 17:57:18
Arnaldo,Hernandez,2019,https://www.spotrac.com/mlb/player/_/id/28215/arnaldo-hernandez,{},2026-03-29 17:57:19
Arquimedes,Gamboa,2019,https://www.spotrac.com/mlb/player/_/id/28194/arquimedes-gamboa,{},2026-03-29 17:57:19
Bo,Takahashi,2019,https://www.spotrac.com/mlb/player/_/id/28203/bo-takahashi,{},2026-03-29 17:57:21
Donnie,Walton,2019,https://www.spotrac.com/mlb/player/_/id/20767/donnie-walton,{},2026-03-29 17:57:34
Franklin,Perez,2019,https://www.spotrac.com/mlb/player/_/id/28145/franklin-perez,{},2026-03-29 17:57:39
Giovanny,Urshela,2019,https://www.spotrac.com/mlb/player/_/id/16522/giovanny-urshela,{},2026-03-29 17:57:41
Jean,Carlos Mejia,2019,https://www.spotrac.com/mlb/player/_/id/28192/jean-carlos-mejia,{},2026-03-29 17:57:48
Joe,Palumbo,2019,https://www.spotrac.com/mlb/player/_/id/24569/joe-palumbo,{},2026-03-29 17:57:50
Josh,Fuentes,2019,https://www.spotrac.com/mlb/player/_/id/28211/josh-fuentes,{},2026-03-29 17:57:55
Kodi,Medeiros,2019,https://www.spotrac.com/mlb/player/_/id/17689/kodi-medeiros,{},2026-03-29 17:58:01
Kris,Negrón,2019,https://www.spotrac.com/mlb/player/_/id/11461/kris-negr%C3%B3n,{},2026-03-29 17:58:01
Luis,Ortiz,2019,https://www.spotrac.com/mlb/player/_/id/17706/luis-ortiz,{},2026-03-29 17:58:06
Melvin,Adon,2019,https://www.spotrac.com/mlb/player/_/id/28180/melvin-adon,{},2026-03-29 17:58:08
Michael,Brosseau,2019,https://www.spotrac.com/mlb/player/_/id/31621/michael-brosseau,{},2026-03-29 17:58:08
Micker,Adolfo,2019,https://www.spotrac.com/mlb/player/_/id/24615/micker-adolfo,{},2026-03-29 17:58:09
Riley,Ferrell,2019,https://www.spotrac.com/mlb/player/_/id/17738/riley-ferrell,{},2026-03-29 17:58:20
Steve,Baron,2019,https://www.spotrac.com/mlb/player/_/id/18205/steve-baron,{},2026-03-29 17:58:28
Steve,Wilkerson,2019,https://www.spotrac.com/mlb/player/_/id/26830/steve-wilkerson,{},2026-03-29 17:58:28
Timmy,Lopes,2019,https://www.spotrac.com/mlb/player/_/id/28228/timmy-lopes,{},2026-03-29 17:58:30
Yu-Cheng,Chang,2019,https://www.spotrac.com/mlb/player/_/id/24618/yu-cheng-chang,{},2026-03-29 17:58:36
Manuel,Pina,2019,https://www.spotrac.com/mlb/player/_/id/8525/manuel-pina,{},2026-03-29 17:58:39
C. J.,Edwards,2019,https://www.spotrac.com/mlb/player/_/id/16514/cj-edwards,{},2026-03-29 17:58:40
Joseph,Biagini,2019,https://www.spotrac.com/mlb/player/_/id/18460/joseph-biagini,{},2026-03-29 17:58:40
Michael,Fiers,2019,https://www.spotrac.com/mlb/player/_/id/8696/michael-fiers,{},2026-03-29 17:58:42
Nate,Karns,2019,https://www.spotrac.com/mlb/player/_/id/12065/nate-karns,{},2026-03-29 17:58:43
Jake,Junis,2020,https://www.spotrac.com/mlb/player/_/id/21203/jake-junis,{},2026-03-29 17:58:44
Clint,Frazier,2020,https://www.spotrac.com/mlb/player/_/id/23831/clint-frazier,{},2026-03-29 17:58:45
Dan,Vogelbach,2020,https://www.spotrac.com/mlb/player/_/id/18369/dan-vogelbach,{},2026-03-29 17:58:45
Timmy,Lopes,2020,https://www.spotrac.com/mlb/player/_/id/28228/timmy-lopes,{},2026-03-29 17:58:46
Josh,Fuentes,2020,https://www.spotrac.com/mlb/player/_/id/28211/josh-fuentes,{},2026-03-29 17:58:47
Alvaro,Seijas,2020,https://www.spotrac.com/mlb/player/_/id/35723/alvaro-seijas,{},2026-03-29 17:58:49
Blake,Rutherford,2020,https://www.spotrac.com/mlb/player/_/id/20672/blake-rutherford,{},2026-03-29 17:58:54
Bo,Takahashi,2020,https://www.spotrac.com/mlb/player/_/id/28203/bo-takahashi,{},2026-03-29 17:58:55
Cam,Hill,2020,https://www.spotrac.com/mlb/player/_/id/28848/cam-hill,{},2026-03-29 17:58:59
Dakota,Chalmers,2020,https://www.spotrac.com/mlb/player/_/id/17756/dakota-chalmers,{},2026-03-29 17:59:03
Donnie,Walton,2020,https://www.spotrac.com/mlb/player/_/id/20767/donnie-walton,{},2026-03-29 17:59:07
Emilio,Vargas,2020,https://www.spotrac.com/mlb/player/_/id/28204/emilio-vargas,{},2026-03-29 17:59:09
Franklin,Perez,2020,https://www.spotrac.com/mlb/player/_/id/28145/franklin-perez,{},2026-03-29 17:59:11
Hector,Yan,2020,https://www.spotrac.com/mlb/player/_/id/35709/hector-yan,{},2026-03-29 17:59:12
Jasseel,De La Cruz,2020,https://www.spotrac.com/mlb/player/_/id/35692/jasseel-de-la-cruz,{},2026-03-29 17:59:15
Jean,Carlos Mejia,2020,https://www.spotrac.com/mlb/player/_/id/28192/jean-carlos-mejia,{},2026-03-29 17:59:16
Jeison,Guzmán,2020,https://www.spotrac.com/mlb/player/_/id/35714/jeison-guzm%C3%A1n,{},2026-03-29 17:59:16
Joe,Odom,2020,https://www.spotrac.com/mlb/player/_/id/18819/joe-odom,{},2026-03-29 17:59:18
Joe,Palumbo,2020,https://www.spotrac.com/mlb/player/_/id/24569/joe-palumbo,{},2026-03-29 17:59:19
Luis,Medina,2020,https://www.spotrac.com/mlb/player/_/id/35698/luis-medina,{},2026-03-29 17:59:28
Melvin,Adon,2020,https://www.spotrac.com/mlb/player/_/id/28180/melvin-adon,{},2026-03-29 17:59:31
Michael,Brosseau,2020,https://www.spotrac.com/mlb/player/_/id/31621/michael-brosseau,{},2026-03-29 17:59:31
Micker,Adolfo,2020,https://www.spotrac.com/mlb/player/_/id/24615/micker-adolfo,{},2026-03-29 17:59:31
Miguel,Amaya,2020,https://www.spotrac.com/mlb/player/_/id/29147/miguel-amaya,{},2026-03-29 17:59:32
Ronaldo,Hernandez,2020,https://www.spotrac.com/mlb/player/_/id/29146/ronaldo-hernandez,{},2026-03-29 17:59:38
Scott,Moss,2020,https://www.spotrac.com/mlb/player/_/id/20676/scott-moss,{},2026-03-29 17:59:40
Stephen,Woods,2020,https://www.spotrac.com/mlb/player/_/id/19936/stephen-woods,{},2026-03-29 17:59:42
Wynston,Sawyer,2020,https://www.spotrac.com/mlb/player/_/id/21141/wynston-sawyer,{},2026-03-29 17:59:50
Yoan,Aybar,2020,https://www.spotrac.com/mlb/player/_/id/35718/yoan-aybar,{},2026-03-29 17:59:51
Yu-Cheng,Chang,2020,https://www.spotrac.com/mlb/player/_/id/24618/yu-cheng-chang,{},2026-03-29 17:59:52
Luis,Garcia,2020,https://www.spotrac.com/mlb/player/_/id/48743/luis-garcia,"{""6984"": ""Luis Garcia (career unknown)""}",2026-03-29 17:59:53
Giovanny,Urshela,2020,https://www.spotrac.com/mlb/player/_/id/16522/giovanny-urshela,{},2026-03-29 17:59:55
Manuel,Pina,2020,https://www.spotrac.com/mlb/player/_/id/8525/manuel-pina,{},2026-03-29 17:59:55
Joseph,Biagini,2020,https://www.spotrac.com/mlb/player/_/id/18460/joseph-biagini,{},2026-03-29 17:59:56
C. J.,Edwards,2020,https://www.spotrac.com/mlb/player/_/id/16514/cj-edwards,{},2026-03-29 17:59:59
Michael,Brosseau,2021,https://www.spotrac.com/mlb/player/_/id/31621/michael-brosseau,{},2026-03-29 18:00:01
Luis,Garcia,2021,https://www.spotrac.com/mlb/player/_/id/48743/luis-garcia,"{""6984"": ""Luis Garcia (career unknown)""}",2026-03-29 18:00:01
Cam,Hill,2021,https://www.spotrac.com/mlb/player/_/id/28848/cam-hill,{},2026-03-29 18:00:01
Timmy,Lopes,2021,https://www.spotrac.com/mlb/player/_/id/28228/timmy-lopes,{},2026-03-29 18:00:02
Josh,Fuentes,2021,https://www.spotrac.com/mlb/player/_/id/28211/josh-fuentes,{},2026-03-29 18:00:02
Yu-Cheng,Chang,2021,https://www.spotrac.com/mlb/player/_/id/24618/yu-cheng-chang,{},2026-03-29 18:00:03
Corey,Bird,2021,https://www.spotrac.com/mlb/player/_/id/20095/corey-bird,{},2026-03-29 18:00:17
Daniel,Tillo,2021,https://www.spotrac.com/mlb/player/_/id/23299/daniel-tillo,{},2026-03-29 18:00:18
Dedniel,Nunez,2021,https://www.spotrac.com/mlb/player/_/id/70821/dedniel-nunez,{},2026-03-29 18:00:19
Donnie,Walton,2021,https://www.spotrac.com/mlb/player/_/id/20767/donnie-walton,{},2026-03-29 18:00:20
Dylan,File,2021,https://www.spotrac.com/mlb/player/_/id/48815/dylan-file,{},2026-03-29 18:00:22
Gianpaul,Gonzalez,2021,https://www.spotrac.com/mlb/player/_/id/74379/gianpaul-gonzalez,{},2026-03-29 18:00:26
Jasseel,De La Cruz,2021,https://www.spotrac.com/mlb/player/_/id/35692/jasseel-de-la-cruz,{},2026-03-29 18:00:33
Jean,Carlos Mejia,2021,https://www.spotrac.com/mlb/player/_/id/28192/jean-carlos-mejia,{},2026-03-29 18:00:34
Joe,Odom,2021,https://www.spotrac.com/mlb/player/_/id/18819/joe-odom,{},2026-03-29 18:00:35
Jon,Heasley,2021,https://www.spotrac.com/mlb/player/_/id/26580/jon-heasley,{},2026-03-29 18:00:36
Luis,Romero,2021,https://www.spotrac.com/mlb/player/_/id/48735/luis-romero,{},2026-03-29 18:00:46
Nick,Snyder,2021,https://www.spotrac.com/mlb/player/_/id/74340/nick-snyder,{},2026-03-29 18:00:51
Sam,Delaplane,2021,https://www.spotrac.com/mlb/player/_/id/48780/sam-delaplane,{},2026-03-29 18:00:58
Steve,Wilkerson,2021,https://www.spotrac.com/mlb/player/_/id/26830/steve-wilkerson,{},2026-03-29 18:01:02
Steven,Fuentes,2021,https://www.spotrac.com/mlb/player/_/id/48782/steven-fuentes,{},2026-03-29 18:01:02
Giovanny,Urshela,2021,https://www.spotrac.com/mlb/player/_/id/16522/giovanny-urshela,{},2026-03-29 18:01:13
Clint,Frazier,2021,https://www.spotrac.com/mlb/player/_/id/23831/clint-frazier,{},2026-03-29 18:01:13
Jake,Junis,2021,https://www.spotrac.com/mlb/player/_/id/21203/jake-junis,{},2026-03-29 18:01:14
Manuel,Pina,2021,https://www.spotrac.com/mlb/player/_/id/8525/manuel-pina,{},2026-03-29 18:01:14
Dan,Vogelbach,2021,https://www.spotrac.com/mlb/player/_/id/18369/dan-vogelbach,{},2026-03-29 18:01:14
Michael,Fiers,2021,https://www.spotrac.com/mlb/player/_/id/8696/michael-fiers,{},2026-03-29 18:01:16
Sam,McWilliams,2021,https://www.spotrac.com/mlb/player/_/id/27324/sam-mcwilliams,{},2026-03-29 18:01:17
Yoshitomo,Tsutsugo,2021,https://www.spotrac.com/mlb/player/_/id/47079/yoshitomo-tsutsugo,{},2026-03-29 18:01:18
Joe,Gatto,2021,https://www.spotrac.com/mlb/player/_/id/17721/joe-gatto,{},2026-03-29 18:01:19
Yulieski,Gurriel,2021,https://www.spotrac.com/mlb/player/_/id/20806/yulieski-gurriel,{},2026-03-29 18:01:20
Luis,Garcia,2022,https://www.spotrac.com/mlb/player/_/id/48743/luis-garcia,"{""6984"": ""Luis Garcia (career unknown)""}",2026-03-29 18:01:20
Michael,Brosseau,2022,https://www.spotrac.com/mlb/player/_/id/31621/michael-brosseau,{},2026-03-29 18:01:21
Yu-Cheng,Chang,2022,https://www.spotrac.com/mlb/player/_/id/24618/yu-cheng-chang,{},2026-03-29 18:01:22
Alan,Rangel,2022,https://www.spotrac.com/mlb/player/_/id/74812/alan-rangel,{},2026-03-29 18:01:25
Alex,Hall,2022,https://www.spotrac.com/mlb/player/_/id/24664/alex-hall,{},2026-03-29 18:01:26
Cal,Mitchell,2022,https://www.spotrac.com/mlb/player/_/id/23259/cal-mitchell,{},2026-03-29 18:01:36
Carlos,Espinal,2022,https://www.spotrac.com/mlb/player/_/id/79309/carlos-espinal,{},2026-03-29 18:01:39
Diego,A. Castillo,2022,https://www.spotrac.com/mlb/player/_/id/74661/diego-a-castillo,{},2026-03-29 18:01:48
Donnie,Walton,2022,https://www.spotrac.com/mlb/player/_/id/20767/donnie-walton,{},2026-03-29 18:01:48
Donovan,Casey,2022,https://www.spotrac.com/mlb/player/_/id/74544/donovan-casey,{},2026-03-29 18:01:49
Helcris,Olivarez,2022,https://www.spotrac.com/mlb/player/_/id/49416/helcris-olivarez,{},2026-03-29 18:01:58
Jean,Carlos Mejia,2022,https://www.spotrac.com/mlb/player/_/id/28192/jean-carlos-mejia,{},2026-03-29 18:02:07
Jeff,Singer,2022,https://www.spotrac.com/mlb/player/_/id/74668/jeff-singer,{},2026-03-29 18:02:07
Ji-Hwan,Bae,2022,https://www.spotrac.com/mlb/player/_/id/25028/ji-hwan-bae,{},2026-03-29 18:02:10
Jon,Heasley,2022,https://www.spotrac.com/mlb/player/_/id/26580/jon-heasley,{},2026-03-29 18:02:11
Joseph,Dunand,2022,https://www.spotrac.com/mlb/player/_/id/23260/joseph-dunand,{},2026-03-29 18:02:14
Josh,H. Smith,2022,https://www.spotrac.com/mlb/player/_/id/30465/josh-h-smith,{},2026-03-29 18:02:14
Kristian,Robinson,2022,https://www.spotrac.com/mlb/player/_/id/23855/kristian-robinson,{},2026-03-29 18:02:19
Leonardo,Jimenez,2022,https://www.spotrac.com/mlb/player/_/id/23870/leonardo-jimenez,{},2026-03-29 18:02:20
Luis,Ortiz,2022,https://www.spotrac.com/mlb/player/_/id/79957/luis-ortiz,{},2026-03-29 18:02:22
Mike,Siani,2022,https://www.spotrac.com/mlb/player/_/id/26138/mike-siani,{},2026-03-29 18:02:29
Nick,Snyder,2022,https://www.spotrac.com/mlb/player/_/id/74340/nick-snyder,{},2026-03-29 18:02:32
Parker,Bugg,2022,https://www.spotrac.com/mlb/player/_/id/74731/parker-bugg,{},2026-03-29 18:02:35
Richard,Palacios,2022,https://www.spotrac.com/mlb/player/_/id/26132/richard-palacios,{},2026-03-29 18:02:38
Ronaldo,Hernandez,2022,https://www.spotrac.com/mlb/player/_/id/29146/ronaldo-hernandez,{},2026-03-29 18:02:39
Ryan,Rolison,2022,https://www.spotrac.com/mlb/player/_/id/26045/ryan-rolison,{},2026-03-29 18:02:41
Simeon,Woods-Richardson,2022,https://www.spotrac.com/mlb/player/_/id/26071/simeon-woods-richardson,{},2026-03-29 18:02:42
Will,Toffey,2022,https://www.spotrac.com/mlb/player/_/id/23322/will-toffey,{},2026-03-29 18:02:50
Giovanny,Urshela,2022,https://www.spotrac.com/mlb/player/_/id/16522/giovanny-urshela,{},2026-03-29 18:02:55
Manuel,Pina,2022,https://www.spotrac.com/mlb/player/_/id/8525/manuel-pina,{},2026-03-29 18:02:58
Yoshitomo,Tsutsugo,2022,https://www.spotrac.com/mlb/player/_/id/47079/yoshitomo-tsutsugo,{},2026-03-29 18:02:58
Jake,Junis,2022,https://www.spotrac.com/mlb/player/_/id/21203/jake-junis,{},2026-03-29 18:02:59
Clint,Frazier,2022,https://www.spotrac.com/mlb/player/_/id/23831/clint-frazier,{},2026-03-29 18:02:59
Dan,Vogelbach,2022,https://www.spotrac.com/mlb/player/_/id/18369/dan-vogelbach,{},2026-03-29 18:02:59
Luis,Garcia,2023,https://www.spotrac.com/mlb/player/_/id/48743/luis-garcia,"{""6984"": ""Luis Garcia (career unknown)""}",2026-03-29 18:03:01
Josh,H. Smith,2023,https://www.spotrac.com/mlb/player/_/id/30465/josh-h-smith,{},2026-03-29 18:03:02
Ji-Hwan,Bae,2023,https://www.spotrac.com/mlb/player/_/id/25028/ji-hwan-bae,{},2026-03-29 18:03:02
Cal,Mitchell,2023,https://www.spotrac.com/mlb/player/_/id/23259/cal-mitchell,{},2026-03-29 18:03:15
Diego,A. Castillo,2023,https://www.spotrac.com/mlb/player/_/id/74661/diego-a-castillo,{},2026-03-29 18:03:25
Diego,Hernandez,2023,https://www.spotrac.com/mlb/player/_/id/80138/diego-hernandez,{},2026-03-29 18:03:25
Freddy,Pacheco,2023,https://www.spotrac.com/mlb/player/_/id/74571/freddy-pacheco,{},2026-03-29 18:03:31
Jean,Carlos Mejia,2023,https://www.spotrac.com/mlb/player/_/id/28192/jean-carlos-mejia,{},2026-03-29 18:03:41
Jon,Heasley,2023,https://www.spotrac.com/mlb/player/_/id/26580/jon-heasley,{},2026-03-29 18:03:44
Jose,Fermin,2023,https://www.spotrac.com/mlb/player/_/id/74509/jose-fermin,"{""21746"": ""Jose Fermin (2023-2025)"", ""33908"": ""Jose Fermin (2025-2025)""}",2026-03-29 18:03:47
José,Ferrer,2023,https://www.spotrac.com/mlb/player/_/id/80136/jos%C3%A9-ferrer,{},2026-03-29 18:03:49
Luis,Ortiz,2023,https://www.spotrac.com/mlb/player/_/id/17706/luis-ortiz,{},2026-03-29 18:03:56
Matt,Canterino,2023,https://www.spotrac.com/mlb/player/_/id/30452/matt-canterino,{},2026-03-29 18:03:59
Mike,Siani,2023,https://www.spotrac.com/mlb/player/_/id/26138/mike-siani,{},2026-03-29 18:04:02
Noah,Song,2023,https://www.spotrac.com/mlb/player/_/id/30537/noah-song,{},2026-03-29 18:04:04
Norwith,Gudino,2023,https://www.spotrac.com/mlb/player/_/id/74643/norwith-gudino,{},2026-03-29 18:04:05
Richard,Palacios,2023,https://www.spotrac.com/mlb/player/_/id/26132/richard-palacios,{},2026-03-29 18:04:09
Simeon,Woods-Richardson,2023,https://www.spotrac.com/mlb/player/_/id/26071/simeon-woods-richardson,{},2026-03-29 18:04:13
Giovanny,Urshela,2023,https://www.spotrac.com/mlb/player/_/id/16522/giovanny-urshela,{},2026-03-29 18:04:24
Jake,Junis,2023,https://www.spotrac.com/mlb/player/_/id/21203/jake-junis,{},2026-03-29 18:04:24
C. J.,Edwards,2023,https://www.spotrac.com/mlb/player/_/id/16514/cj-edwards,{},2026-03-29 18:04:25
Michael,Brosseau,2023,https://www.spotrac.com/mlb/player/_/id/31621/michael-brosseau,{},2026-03-29 18:04:25
Yu-Cheng,Chang,2023,https://www.spotrac.com/mlb/player/_/id/24618/yu-cheng-chang,{},2026-03-29 18:04:28
Ji-Hwan,Bae,2024,https://www.spotrac.com/mlb/player/_/id/25028/ji-hwan-bae,{},2026-03-29 18:04:30
Josh,H. Smith,2024,https://www.spotrac.com/mlb/player/_/id/30465/josh-h-smith,{},2026-03-29 18:04:30
Luis,Ortiz,2024,https://www.spotrac.com/mlb/player/_/id/79957/luis-ortiz,{},2026-03-29 18:04:31
Richard,Palacios,2024,https://www.spotrac.com/mlb/player/_/id/26132/richard-palacios,{},2026-03-29 18:04:31
José,Ferrer,2024,https://www.spotrac.com/mlb/player/_/id/80136/jos%C3%A9-ferrer,{},2026-03-29 18:04:32
Mike,Siani,2024,https://www.spotrac.com/mlb/player/_/id/26138/mike-siani,{},2026-03-29 18:04:32
Blake,Hunt,2024,https://www.spotrac.com/mlb/player/_/id/23278/blake-hunt,{},2026-03-29 18:04:39
Brennen,Davis,2024,https://www.spotrac.com/mlb/player/_/id/26085/brennen-davis,{},2026-03-29 18:04:41
Bryan,Mata,2024,https://www.spotrac.com/mlb/player/_/id/48847/bryan-mata,{},2026-03-29 18:04:43
Carlos,F. Rodriguez,2024,https://www.spotrac.com/mlb/player/_/id/73439/carlos-f-rodriguez,{},2026-03-29 18:04:46
Carson,Coleman,2024,https://www.spotrac.com/mlb/player/_/id/48633/carson-coleman,{},2026-03-29 18:04:46
Diego,A. Castillo,2024,https://www.spotrac.com/mlb/player/_/id/74661/diego-a-castillo,{},2026-03-29 18:04:53
Ignacio,Alvarez,2024,https://www.spotrac.com/mlb/player/_/id/78739/ignacio-alvarez,{},2026-03-29 18:05:01
Jon,Heasley,2024,https://www.spotrac.com/mlb/player/_/id/26580/jon-heasley,{},2026-03-29 18:05:08
Jose,Fermin,2024,https://www.spotrac.com/mlb/player/_/id/74509/jose-fermin,"{""21746"": ""Jose Fermin (2023-2026)"", ""33908"": ""Jose Fermin (2025-2025)""}",2026-03-29 18:05:11
Julio,Carreras,2024,https://www.spotrac.com/mlb/player/_/id/74806/julio-carreras,{},2026-03-29 18:05:12
Leonardo,Jimenez,2024,https://www.spotrac.com/mlb/player/_/id/23870/leonardo-jimenez,{},2026-03-29 18:05:16
Michael,Burrows,2024,https://www.spotrac.com/mlb/player/_/id/27598/michael-burrows,{},2026-03-29 18:05:20
Nick,Raposo,2024,https://www.spotrac.com/mlb/player/_/id/48674/nick-raposo,{},2026-03-29 18:05:24
Samuel,Aldegheri,2024,https://www.spotrac.com/mlb/player/_/id/86420/samuel-aldegheri,{},2026-03-29 18:05:30
Shane,Drohan,2024,https://www.spotrac.com/mlb/player/_/id/48504/shane-drohan,{},2026-03-29 18:05:31
Simeon,Woods-Richardson,2024,https://www.spotrac.com/mlb/player/_/id/26071/simeon-woods-richardson,{},2026-03-29 18:05:32
Josimar,Cousin,2024,https://www.spotrac.com/mlb/player/_/id/86364/josimar-cousin,{},2026-03-29 18:05:42
Luis,Garcia,2024,https://www.spotrac.com/mlb/player/_/id/48743/luis-garcia,"{""6984"": ""Luis Garcia (career unknown)""}",2026-03-29 18:05:44
Jake,Junis,2024,https://www.spotrac.com/mlb/player/_/id/21203/jake-junis,{},2026-03-29 18:05:47
Woo-Suk,Go,2024,https://www.spotrac.com/mlb/player/_/id/86665/woo-suk-go,{},2026-03-29 18:05:48
Giovanny,Urshela,2024,https://www.spotrac.com/mlb/player/_/id/16522/giovanny-urshela,{},2026-03-29 18:05:49
Luis,Ortiz,2025,https://www.spotrac.com/mlb/player/_/id/79957/luis-ortiz,{},2026-03-29 18:05:51
Josh,H. Smith,2025,https://www.spotrac.com/mlb/player/_/id/30465/josh-h-smith,{},2026-03-29 18:05:51
Richard,Palacios,2025,https://www.spotrac.com/mlb/player/_/id/26132/richard-palacios,{},2026-03-29 18:05:51
Ji-Hwan,Bae,2025,https://www.spotrac.com/mlb/player/_/id/25028/ji-hwan-bae,{},2026-03-29 18:05:51
Mike,Siani,2025,https://www.spotrac.com/mlb/player/_/id/26138/mike-siani,{},2026-03-29 18:05:52
Ignacio,Alvarez,2025,https://www.spotrac.com/mlb/player/_/id/78739/ignacio-alvarez,{},2026-03-29 18:05:52
Simeon,Woods-Richardson,2025,https://www.spotrac.com/mlb/player/_/id/26071/simeon-woods-richardson,{},2026-03-29 18:05:52
José,Ferrer,2025,https://www.spotrac.com/mlb/player/_/id/80136/jos%C3%A9-ferrer,{},2026-03-29 18:05:52
Andrew,Hoffman,2025,https://www.spotrac.com/mlb/player/_/id/73593/andrew-hoffman,{},2026-03-29 18:05:55
Angel,Bastardo,2025,https://www.spotrac.com/mlb/player/_/id/85821/angel-bastardo,{},2026-03-29 18:05:55
Blake,Hunt,2025,https://www.spotrac.com/mlb/player/_/id/23278/blake-hunt,{},2026-03-29 18:05:56
Bobby,Seymour,2025,https://www.spotrac.com/mlb/player/_/id/73891/bobby-seymour,{},2026-03-29 18:05:57
Cam,Schlittler,2025,https://www.spotrac.com/mlb/player/_/id/78802/cam-schlittler,{},2026-03-29 18:06:01
Carlos,F. Rodriguez,2025,https://www.spotrac.com/mlb/player/_/id/73439/carlos-f-rodriguez,{},2026-03-29 18:06:01
Domingo,Gonzalez,2025,https://www.spotrac.com/mlb/player/_/id/95808/domingo-gonzalez,{},2026-03-29 18:06:09
Dylan,Ross,2025,https://www.spotrac.com/mlb/player/_/id/78970/dylan-ross,{},2026-03-29 18:06:11
Houston,Roth,2025,https://www.spotrac.com/mlb/player/_/id/31941/houston-roth,{},2026-03-29 18:06:14
Jack,Perkins,2025,https://www.spotrac.com/mlb/player/_/id/78738/jack-perkins,{},2026-03-29 18:06:16
Jesus,Rodriguez,2025,https://www.spotrac.com/mlb/player/_/id/27482/jesus-rodriguez,{},2026-03-29 18:06:17
Jhancarlos,Lara,2025,https://www.spotrac.com/mlb/player/_/id/86487/jhancarlos-lara,{},2026-03-29 18:06:17
Jose,Fermin,2025,https://www.spotrac.com/mlb/player/_/id/74509/jose-fermin,"{""21746"": ""Jose Fermin (2023-2026)"", ""33908"": ""Jose Fermin (2025-2025)""}",2026-03-29 18:06:19
Leonardo,Jimenez,2025,https://www.spotrac.com/mlb/player/_/id/23870/leonardo-jimenez,{},2026-03-29 18:06:22
Leonardo,Rivas,2025,https://www.spotrac.com/mlb/player/_/id/74767/leonardo-rivas,{},2026-03-29 18:06:22
Michael,Burrows,2025,https://www.spotrac.com/mlb/player/_/id/27598/michael-burrows,{},2026-03-29 18:06:27
Nathan,Lavender,2025,https://www.spotrac.com/mlb/player/_/id/73745/nathan-lavender,{},2026-03-29 18:06:28
Nick,Frasso,2025,https://www.spotrac.com/mlb/player/_/id/48462/nick-frasso,{},2026-03-29 18:06:28
Pat,Monteverde,2025,https://www.spotrac.com/mlb/player/_/id/73504/pat-monteverde,{},2026-03-29 18:06:31
Ryan,Cusick,2025,https://www.spotrac.com/mlb/player/_/id/73286/ryan-cusick,{},2026-03-29 18:06:34
Sam,Benschoter,2025,https://www.spotrac.com/mlb/player/_/id/85667/sam-benschoter,{},2026-03-29 18:06:35
Samuel,Aldegheri,2025,https://www.spotrac.com/mlb/player/_/id/86420/samuel-aldegheri,{},2026-03-29 18:06:35
Thomas,Harrington,2025,https://www.spotrac.com/mlb/player/_/id/78033/thomas-harrington,{},2026-03-29 18:06:36
Adam,Macko,2025,https://www.spotrac.com/mlb/player/_/id/31156/adam-macko,{},2026-03-29 18:06:42
Daniel,Espino,2025,https://www.spotrac.com/mlb/player/_/id/30422/daniel-espino,{},2026-03-29 18:06:42
Emmanuel,Rodriguez,2025,https://www.spotrac.com/mlb/player/_/id/31949/emmanuel-rodriguez,{},2026-03-29 18:06:42
Juan,Brito,2025,https://www.spotrac.com/mlb/player/_/id/80128/juan-brito,{},2026-03-29 18:06:42
Luis,Perales,2025,https://www.spotrac.com/mlb/player/_/id/86134/luis-perales,{},2026-03-29 18:06:43
Michael,Arias,2025,https://www.spotrac.com/mlb/player/_/id/85781/michael-arias,{},2026-03-29 18:06:43
Yoniel,Curet,2025,https://www.spotrac.com/mlb/player/_/id/86130/yoniel-curet,{},2026-03-29 18:06:43
Daxton,Fulton,2025,https://www.spotrac.com/mlb/player/_/id/48396/daxton-fulton,{},2026-03-29 18:06:43
Deyvison,De Los Santos,2025,https://www.spotrac.com/mlb/player/_/id/74984/deyvison-de-los-santos,{},2026-03-29 18:06:44
Emiliano,Teodo,2025,https://www.spotrac.com/mlb/player/_/id/87142/emiliano-teodo,{},2026-03-29 18:06:44
Eric,Cerantola,2025,https://www.spotrac.com/mlb/player/_/id/73401/eric-cerantola,{},2026-03-29 18:06:44
Franco,Aleman,2025,https://www.spotrac.com/mlb/player/_/id/73571/franco-aleman,{},2026-03-29 18:06:44
Jared,Serna,2025,https://www.spotrac.com/mlb/player/_/id/87922/jared-serna,{},2026-03-29 18:06:44
Jean,Cabrera,2025,https://www.spotrac.com/mlb/player/_/id/86426/jean-cabrera,{},2026-03-29 18:06:45
Jeferson,Quero,2025,https://www.spotrac.com/mlb/player/_/id/74924/jeferson-quero,{},2026-03-29 18:06:45
Marco,Raya,2025,https://www.spotrac.com/mlb/player/_/id/48484/marco-raya,{},2026-03-29 18:06:45
Matt,Koperniak,2025,https://www.spotrac.com/mlb/player/_/id/48673/matt-koperniak,{},2026-03-29 18:06:45
Moises,Chace,2025,https://www.spotrac.com/mlb/player/_/id/85926/moises-chace,{},2026-03-29 18:06:45
Sem,Robberse,2025,https://www.spotrac.com/mlb/player/_/id/31427/sem-robberse,{},2026-03-29 18:06:46
Tekoah,Roby,2025,https://www.spotrac.com/mlb/player/_/id/48442/tekoah-roby,{},2026-03-29 18:06:46
Tink,Hence,2025,https://www.spotrac.com/mlb/player/_/id/48419/tink-hence,{},2026-03-29 18:06:46
Tyler,Mattison,2025,https://www.spotrac.com/mlb/player/_/id/73366/tyler-mattison,{},2026-03-29 18:06:46
Winston,Santos,2025,https://www.spotrac.com/mlb/player/_/id/87141/winston-santos,{},2026-03-29 18:06:47
Henry,Baez,2025,https://www.spotrac.com/mlb/player/_/id/88016/henry-baez,{},2026-03-29 18:06:47
Luis,Garcia,2025,https://www.spotrac.com/mlb/player/_/id/48743/luis-garcia,"{""6984"": ""Luis Garcia (career unknown)""}",2026-03-29 18:06:48
Jake,Junis,2025,https://www.spotrac.com/mlb/player/_/id/21203/jake-junis,{},2026-03-29 18:06:50
Giovanny,Urshela,2025,https://www.spotrac.com/mlb/player/_/id/16522/giovanny-urshela,{},2026-03-29 18:06:50
Abimelec,Ortiz,2026,https://www.spotrac.com/mlb/player/_/id/85681/abimelec-ortiz,{},2026-03-29 18:06:53
Adam,Macko,2026,https://www.spotrac.com/mlb/player/_/id/31156/adam-macko,{},2026-03-29 18:06:53
Alex,Cook,2026,https://www.spotrac.com/mlb/player/_/id/78956/alex-cook,{},2026-03-29 18:06:53
Alex,Hoppe,2026,https://www.spotrac.com/mlb/player/_/id/78772/alex-hoppe,{},2026-03-29 18:06:53
Alexander,Alberto,2026,https://www.spotrac.com/mlb/player/_/id/88130/alexander-alberto,{},2026-03-29 18:06:54
Alexander,McFarlane,2026,https://www.spotrac.com/mlb/player/_/id/32181/alexander-mcfarlane,{},2026-03-29 18:06:54
Andrew,Hoffman,2026,https://www.spotrac.com/mlb/player/_/id/73593/andrew-hoffman,{},2026-03-29 18:06:54
Andrew,Morris,2026,https://www.spotrac.com/mlb/player/_/id/78707/andrew-morris,{},2026-03-29 18:06:54
Andrew,Painter,2026,https://www.spotrac.com/mlb/player/_/id/73275/andrew-painter,{},2026-03-29 18:06:54
Antwone,Kelly,2026,https://www.spotrac.com/mlb/player/_/id/71447/antwone-kelly,{},2026-03-29 18:06:55
Austin,Peterson,2026,https://www.spotrac.com/mlb/player/_/id/78853/austin-peterson,{},2026-03-29 18:06:55
Ben,Kudrna,2026,https://www.spotrac.com/mlb/player/_/id/73305/ben-kudrna,{},2026-03-29 18:06:55
Benjamin,Cowles,2026,https://www.spotrac.com/mlb/player/_/id/73568/benjamin-cowles,{},2026-03-29 18:06:55
Braden,Nett,2026,https://www.spotrac.com/mlb/player/_/id/79424/braden-nett,{},2026-03-29 18:06:55
Brandan,Bidois,2026,https://www.spotrac.com/mlb/player/_/id/88006/brandan-bidois,{},2026-03-29 18:06:55
Brandon,Valenzuela,2026,https://www.spotrac.com/mlb/player/_/id/74945/brandon-valenzuela,{},2026-03-29 18:06:56
Bryan,Torres,2026,https://www.spotrac.com/mlb/player/_/id/99596/bryan-torres,{},2026-03-29 18:06:56
Brycen,Mautz,2026,https://www.spotrac.com/mlb/player/_/id/78622/brycen-mautz,{},2026-03-29 18:06:56
Cade,Winquest,2026,https://www.spotrac.com/mlb/player/_/id/78829/cade-winquest,{},2026-03-29 18:06:56
Cam,Schlittler,2026,https://www.spotrac.com/mlb/player/_/id/78802/cam-schlittler,{},2026-03-29 18:06:56
Cameron,Foster,2026,https://www.spotrac.com/mlb/player/_/id/79008/cameron-foster,{},2026-03-29 18:06:57
Chase,Hampton,2026,https://www.spotrac.com/mlb/player/_/id/78773/chase-hampton,{},2026-03-29 18:06:57
Chen,Zhong-Ao Zhuang,2026,https://www.spotrac.com/mlb/player/_/id/87963/chen-zhong-ao-zhuang,{},2026-03-29 18:06:57
Christian,Franklin,2026,https://www.spotrac.com/mlb/player/_/id/73386/christian-franklin,{},2026-03-29 18:06:58
Coleman,Crow,2026,https://www.spotrac.com/mlb/player/_/id/79776/coleman-crow,{},2026-03-29 18:06:58
Connor,Prielipp,2026,https://www.spotrac.com/mlb/player/_/id/78015/connor-prielipp,{},2026-03-29 18:06:58
Cooper,Hjerpe,2026,https://www.spotrac.com/mlb/player/_/id/78023/cooper-hjerpe,{},2026-03-29 18:06:58
Daniel,Espino,2026,https://www.spotrac.com/mlb/player/_/id/30422/daniel-espino,{},2026-03-29 18:06:58
Daniel,Susac,2026,https://www.spotrac.com/mlb/player/_/id/78003/daniel-susac,{},2026-03-29 18:06:58
David,Davalillo,2026,https://www.spotrac.com/mlb/player/_/id/88941/david-davalillo,{},2026-03-29 18:06:59
David,Sandlin,2026,https://www.spotrac.com/mlb/player/_/id/78908/david-sandlin,{},2026-03-29 18:06:59
Daxton,Fulton,2026,https://www.spotrac.com/mlb/player/_/id/48396/daxton-fulton,{},2026-03-29 18:06:59
Deyvison,De Los Santos,2026,https://www.spotrac.com/mlb/player/_/id/74984/deyvison-de-los-santos,{},2026-03-29 18:06:59
Domingo,Gonzalez,2026,https://www.spotrac.com/mlb/player/_/id/95808/domingo-gonzalez,{},2026-03-29 18:06:59
Dominic,Keegan,2026,https://www.spotrac.com/mlb/player/_/id/78598/dominic-keegan,{},2026-03-29 18:06:59
Duncan,Davitt,2026,https://www.spotrac.com/mlb/player/_/id/79104/duncan-davitt,{},2026-03-29 18:06:59
Dylan,Ray,2026,https://www.spotrac.com/mlb/player/_/id/78704/dylan-ray,{},2026-03-29 18:07:00
Dylan,Ross,2026,https://www.spotrac.com/mlb/player/_/id/78970/dylan-ross,{},2026-03-29 18:07:00
Eduardo,Valencia,2026,https://www.spotrac.com/mlb/player/_/id/86996/eduardo-valencia,{},2026-03-29 18:07:00
Edwin,Arroyo,2026,https://www.spotrac.com/mlb/player/_/id/73310/edwin-arroyo,{},2026-03-29 18:07:00
Elmer,Rodriguez,2026,https://www.spotrac.com/mlb/player/_/id/73367/elmer-rodriguez,{},2026-03-29 18:07:00
Emiliano,Teodo,2026,https://www.spotrac.com/mlb/player/_/id/87142/emiliano-teodo,{},2026-03-29 18:07:01
Emmanuel,Rodriguez,2026,https://www.spotrac.com/mlb/player/_/id/31949/emmanuel-rodriguez,{},2026-03-29 18:07:01
Eric,Cerantola,2026,https://www.spotrac.com/mlb/player/_/id/73401/eric-cerantola,{},2026-03-29 18:07:01
Esmerlyn,Valdez,2026,https://www.spotrac.com/mlb/player/_/id/71451/esmerlyn-valdez,{},2026-03-29 18:07:01
Franco,Aleman,2026,https://www.spotrac.com/mlb/player/_/id/73571/franco-aleman,{},2026-03-29 18:07:01
Gabriel,Gonzalez,2026,https://www.spotrac.com/mlb/player/_/id/71248/gabriel-gonzalez,{},2026-03-29 18:07:01
Gabriel,Hughes,2026,https://www.spotrac.com/mlb/player/_/id/78011/gabriel-hughes,{},2026-03-29 18:07:01
Gabriel,Rincones Jr.,2026,https://www.spotrac.com/mlb/player/_/id/78690/gabriel-rincones-jr,{},2026-03-29 18:07:02
Garrett,Hawkins,2026,https://www.spotrac.com/mlb/player/_/id/73545/garrett-hawkins,{},2026-03-29 18:07:02
Hao-Yu,Lee,2026,https://www.spotrac.com/mlb/player/_/id/89180/hao-yu-lee,{},2026-03-29 18:07:02
Hector,Rodriguez,2026,https://www.spotrac.com/mlb/player/_/id/88932/hector-rodriguez,{},2026-03-29 18:07:02
Hendry,Mendez,2026,https://www.spotrac.com/mlb/player/_/id/71288/hendry-mendez,{},2026-03-29 18:07:02
Henry,Baez,2026,https://www.spotrac.com/mlb/player/_/id/88016/henry-baez,{},2026-03-29 18:07:03
Ignacio,Alvarez,2026,https://www.spotrac.com/mlb/player/_/id/78739/ignacio-alvarez,{},2026-03-29 18:07:03
Jack,Brannigan,2026,https://www.spotrac.com/mlb/player/_/id/78686/jack-brannigan,{},2026-03-29 18:07:03
Jack,Perkins,2026,https://www.spotrac.com/mlb/player/_/id/78738/jack-perkins,{},2026-03-29 18:07:03
Jadher,Areinamo,2026,https://www.spotrac.com/mlb/player/_/id/71431/jadher-areinamo,{},2026-03-29 18:07:03
Jake,Bennett,2026,https://www.spotrac.com/mlb/player/_/id/32088/jake-bennett,{},2026-03-29 18:07:04
Jake,Miller,2026,https://www.spotrac.com/mlb/player/_/id/78819/jake-miller,{},2026-03-29 18:07:04
James,Triantos,2026,https://www.spotrac.com/mlb/player/_/id/73318/james-triantos,{},2026-03-29 18:07:04
Jared,Serna,2026,https://www.spotrac.com/mlb/player/_/id/87922/jared-serna,{},2026-03-29 18:07:04
Jean,Cabrera,2026,https://www.spotrac.com/mlb/player/_/id/86426/jean-cabrera,{},2026-03-29 18:07:04
Jedixon,Paez,2026,https://www.spotrac.com/mlb/player/_/id/71287/jedixon-paez,{},2026-03-29 18:07:04
Jesus,Rodriguez,2026,https://www.spotrac.com/mlb/player/_/id/27482/jesus-rodriguez,{},2026-03-29 18:07:04
Jhancarlos,Lara,2026,https://www.spotrac.com/mlb/player/_/id/86487/jhancarlos-lara,{},2026-03-29 18:07:05
Joe,Mack,2026,https://www.spotrac.com/mlb/player/_/id/73293/joe-mack,{},2026-03-29 18:07:05
John,Klein,2026,https://www.spotrac.com/mlb/player/_/id/85591/john-klein,{},2026-03-29 18:07:05
Jose,Fermin,2026,https://www.spotrac.com/mlb/player/_/id/74509/jose-fermin,"{""21746"": ""Jose Fermin (2024-2026)"", ""33908"": ""Jose Fermin (2025-2025)""}",2026-03-29 18:07:05
Jose,Franco,2026,https://www.spotrac.com/mlb/player/_/id/86944/jose-franco,{},2026-03-29 18:07:06
Josh,White,2026,https://www.spotrac.com/mlb/player/_/id/78729/josh-white,{},2026-03-29 18:07:06
Joshua,Baez,2026,https://www.spotrac.com/mlb/player/_/id/73316/joshua-baez,{},2026-03-29 18:07:06
José,Ferrer,2026,https://www.spotrac.com/mlb/player/_/id/80136/jos%C3%A9-ferrer,{},2026-03-29 18:07:06
Juan,Brito,2026,https://www.spotrac.com/mlb/player/_/id/80128/juan-brito,{},2026-03-29 18:07:06
Junior,Perez,2026,https://www.spotrac.com/mlb/player/_/id/74936/junior-perez,{},2026-03-29 18:07:07
Kohl,Drake,2026,https://www.spotrac.com/mlb/player/_/id/78902/kohl-drake,{},2026-03-29 18:07:07
Leandro,Lopez,2026,https://www.spotrac.com/mlb/player/_/id/87139/leandro-lopez,{},2026-03-29 18:07:07
Leonardo,Balcazar,2026,https://www.spotrac.com/mlb/player/_/id/71378/leonardo-balcazar,{},2026-03-29 18:07:07
Leonardo,Bernal,2026,https://www.spotrac.com/mlb/player/_/id/71290/leonardo-bernal,{},2026-03-29 18:07:07
Leonardo,Rivas,2026,https://www.spotrac.com/mlb/player/_/id/74767/leonardo-rivas,{},2026-03-29 18:07:08
Luis,Ortiz,2026,https://www.spotrac.com/mlb/player/_/id/79957/luis-ortiz,{},2026-03-29 18:07:08
Luis,Perales,2026,https://www.spotrac.com/mlb/player/_/id/86134/luis-perales,{},2026-03-29 18:07:08
Marco,Raya,2026,https://www.spotrac.com/mlb/player/_/id/48484/marco-raya,{},2026-03-29 18:07:08
Matt,Pushard,2026,https://www.spotrac.com/mlb/player/_/id/79377/matt-pushard,{},2026-03-29 18:07:08
Michael,Burrows,2026,https://www.spotrac.com/mlb/player/_/id/27598/michael-burrows,{},2026-03-29 18:07:08
Miguel,Mendez,2026,https://www.spotrac.com/mlb/player/_/id/88027/miguel-mendez,{},2026-03-29 18:07:09
Miguel,Ullola,2026,https://www.spotrac.com/mlb/player/_/id/71397/miguel-ullola,{},2026-03-29 18:07:09
Mike,Siani,2026,https://www.spotrac.com/mlb/player/_/id/26138/mike-siani,{},2026-03-29 18:07:09
Mitch,Bratt,2026,https://www.spotrac.com/mlb/player/_/id/73396/mitch-bratt,{},2026-03-29 18:07:09
Moises,Chace,2026,https://www.spotrac.com/mlb/player/_/id/85926/moises-chace,{},2026-03-29 18:07:09
Nick,Morabito,2026,https://www.spotrac.com/mlb/player/_/id/78604/nick-morabito,{},2026-03-29 18:07:09
Pedro,Ramirez,2026,https://www.spotrac.com/mlb/player/_/id/86885/pedro-ramirez,{},2026-03-29 18:07:10
RJ,Petit,2026,https://www.spotrac.com/mlb/player/_/id/73890/rj-petit,{},2026-03-29 18:07:10
Reed,Trimble,2026,https://www.spotrac.com/mlb/player/_/id/73327/reed-trimble,{},2026-03-29 18:07:10
Ricky,Tiedemann,2026,https://www.spotrac.com/mlb/player/_/id/73353/ricky-tiedemann,{},2026-03-29 18:07:10
Riley,Cornelio,2026,https://www.spotrac.com/mlb/player/_/id/78784/riley-cornelio,{},2026-03-29 18:07:10
Riley,Martin,2026,https://www.spotrac.com/mlb/player/_/id/73446/riley-martin,{},2026-03-29 18:07:11
Ronan,Kopp,2026,https://www.spotrac.com/mlb/player/_/id/74072/ronan-kopp,{},2026-03-29 18:07:11
Ryan,Harbin,2026,https://www.spotrac.com/mlb/player/_/id/31502/ryan-harbin,{},2026-03-29 18:07:11
Ryan,Ward,2026,https://www.spotrac.com/mlb/player/_/id/31198/ryan-ward,{},2026-03-29 18:07:11
Samuel,Aldegheri,2026,https://www.spotrac.com/mlb/player/_/id/86420/samuel-aldegheri,{},2026-03-29 18:07:11
Shane,Drohan,2026,https://www.spotrac.com/mlb/player/_/id/48504/shane-drohan,{},2026-03-29 18:07:12
Simeon,Woods-Richardson,2026,https://www.spotrac.com/mlb/player/_/id/26071/simeon-woods-richardson,{},2026-03-29 18:07:12
Spencer,Jones,2026,https://www.spotrac.com/mlb/player/_/id/78609/spencer-jones,{},2026-03-29 18:07:12
Sterlin,Thompson,2026,https://www.spotrac.com/mlb/player/_/id/78018/sterlin-thompson,{},2026-03-29 18:07:12
Steven,Zobac,2026,https://www.spotrac.com/mlb/player/_/id/78708/steven-zobac,{},2026-03-29 18:07:12
Tanner,McDougal,2026,https://www.spotrac.com/mlb/player/_/id/73417/tanner-mcdougal,{},2026-03-29 18:07:13
Tanner,Murray,2026,https://www.spotrac.com/mlb/player/_/id/48481/tanner-murray,{},2026-03-29 18:07:13
Tekoah,Roby,2026,https://www.spotrac.com/mlb/player/_/id/48442/tekoah-roby,{},2026-03-29 18:07:13
Thayron,Liranzo,2026,https://www.spotrac.com/mlb/player/_/id/71421/thayron-liranzo,{},2026-03-29 18:07:13
Thomas,Harrington,2026,https://www.spotrac.com/mlb/player/_/id/78033/thomas-harrington,{},2026-03-29 18:07:13
Tink,Hence,2026,https://www.spotrac.com/mlb/player/_/id/48419/tink-hence,{},2026-03-29 18:07:13
Trei,Cruz,2026,https://www.spotrac.com/mlb/player/_/id/48429/trei-cruz,{},2026-03-29 18:07:13
Tyler,Samaniego,2026,https://www.spotrac.com/mlb/player/_/id/73655/tyler-samaniego,{},2026-03-29 18:07:14
Tyler,Uberstine,2026,https://www.spotrac.com/mlb/player/_/id/73947/tyler-uberstine,{},2026-03-29 18:07:14
Welinton,Herrera,2026,https://www.spotrac.com/mlb/player/_/id/86969/welinton-herrera,{},2026-03-29 18:07:14
Wilber,Dotel,2026,https://www.spotrac.com/mlb/player/_/id/88002/wilber-dotel,{},2026-03-29 18:07:14
William,Kempner,2026,https://www.spotrac.com/mlb/player/_/id/78702/william-kempner,{},2026-03-29 18:07:14
Winston,Santos,2026,https://www.spotrac.com/mlb/player/_/id/87141/winston-santos,{},2026-03-29 18:07:15
Yoniel,Curet,2026,https://www.spotrac.com/mlb/player/_/id/86130/yoniel-curet,{},2026-03-29 18:07:15
Yorman,Gómez,2026,https://www.spotrac.com/mlb/player/_/id/86450/yorman-g%C3%B3mez,{},2026-03-29 18:07:15
Jeferson,Quero,2026,https://www.spotrac.com/mlb/player/_/id/74924/jeferson-quero,{},2026-03-29 18:07:16
Josh,H. Smith,2026,https://www.spotrac.com/mlb/player/_/id/30465/josh-h-smith,{},2026-03-29 18:07:17
Richard,Palacios,2026,https://www.spotrac.com/mlb/player/_/id/26132/richard-palacios,{},2026-03-29 18:07:18
Tatsuya,Imai,2026,https://www.spotrac.com/mlb/player/_/id/101013/tatsuya-imai,{},2026-03-29 18:07:19
Sung,Mun Song,2026,https://www.spotrac.com/mlb/player/_/id/101015/sung-mun-song,{},2026-03-29 18:07:20
Jake,Junis,2026,https://www.spotrac.com/mlb/player/_/id/21203/jake-junis,{},2026-03-29 18:07:20
Tyler,Austin,2026,https://www.spotrac.com/mlb/player/_/id/16561/tyler-austin,{},2026-03-29 18:07:21
Jose,Fernandez,2026,https://www.spotrac.com/mlb/player/_/id/80347/jose-fernandez,{},2026-03-30 12:14:16
Leonardo,Jimenez,2026,https://www.spotrac.com/mlb/player/_/id/23870/leonardo-jimenez,{},2026-03-31 12:54:12
Cooper,Pratt,2026,https://www.spotrac.com/mlb/player/_/id/84926/cooper-pratt,{},2026-03-31 12:54:13
Colt,Emerson,2026,https://www.spotrac.com/mlb/player/_/id/84779/colt-emerson,{},2026-04-01 12:56:32
Alex,Carrillo,2026,https://www.spotrac.com/mlb/player/_/id/99964/alex-carrillo,{},2026-04-03 12:39:35
Anthony,Nunez,2026,https://www.spotrac.com/mlb/player/_/id/32267/anthony-nunez,{},2026-04-03 12:39:36
Anthony,Seigler,2026,https://www.spotrac.com/mlb/player/_/id/26046/anthony-seigler,{},2026-04-03 12:39:37
Braydon,Fisher,2026,https://www.spotrac.com/mlb/player/_/id/26163/braydon-fisher,{},2026-04-03 12:39:38
Cam,Sanders,2026,https://www.spotrac.com/mlb/player/_/id/27029/cam-sanders,{},2026-04-03 12:39:38
Carlos,Cortes,2026,https://www.spotrac.com/mlb/player/_/id/26112/carlos-cortes,{},2026-04-03 12:39:39
Carter,Baumler,2026,https://www.spotrac.com/mlb/player/_/id/48489/carter-baumler,{},2026-04-03 12:39:39
Chase,DeLauter,2026,https://www.spotrac.com/mlb/player/_/id/77990/chase-delauter,{},2026-04-03 12:39:39
Elvis,Alvarado,2026,https://www.spotrac.com/mlb/player/_/id/75029/elvis-alvarado,{},2026-04-03 12:39:42
George,Valera,2026,https://www.spotrac.com/mlb/player/_/id/23861/george-valera,{},2026-04-03 12:39:43
Heriberto,Hernandez,2026,https://www.spotrac.com/mlb/player/_/id/74954/heriberto-hernandez,{},2026-04-03 12:39:44
Joel,Peguero,2026,https://www.spotrac.com/mlb/player/_/id/74624/joel-peguero,{},2026-04-03 12:39:46
Juan,Morillo,2026,https://www.spotrac.com/mlb/player/_/id/97777/juan-morillo,{},2026-04-03 12:39:47
Justin,Dean,2026,https://www.spotrac.com/mlb/player/_/id/26671/justin-dean,{},2026-04-03 12:39:48
Luis,Curvelo,2026,https://www.spotrac.com/mlb/player/_/id/88064/luis-curvelo,{},2026-04-03 12:39:48
Nolan,Hoffman,2026,https://www.spotrac.com/mlb/player/_/id/26181/nolan-hoffman,{},2026-04-03 12:39:50
Peyton,Pallette,2026,https://www.spotrac.com/mlb/player/_/id/78030/peyton-pallette,{},2026-04-03 12:39:50
Ryan,Watson,2026,https://www.spotrac.com/mlb/player/_/id/48553/ryan-watson,{},2026-04-03 12:39:51
Spencer,Miles,2026,https://www.spotrac.com/mlb/player/_/id/78724/spencer-miles,{},2026-04-03 12:39:52
Walbert,Urena,2026,https://www.spotrac.com/mlb/player/_/id/87787/walbert-urena,{},2026-04-03 12:39:54
Willie,MacIver,2026,https://www.spotrac.com/mlb/player/_/id/26357/willie-maciver,{},2026-04-03 12:39:54
Yaramil,Hiraldo,2026,https://www.spotrac.com/mlb/player/_/id/74986/yaramil-hiraldo,{},2026-04-03 12:39:54
Konnor,Griffin,2026,https://www.spotrac.com/mlb/player/_/id/94546/konnor-griffin,{},2026-04-03 12:39:55
Tyler,Schweitzer,2026,https://www.spotrac.com/mlb/player/_/id/78745/tyler-schweitzer,{},2026-04-09 13:00:05
Jack,Anderson,2026,https://www.spotrac.com/mlb/player/_/id/74191/jack-anderson,{},2026-04-15 13:00:26
Gavin,Collyer,2026,https://www.spotrac.com/mlb/player/_/id/31339/gavin-collyer,{},2026-04-16 13:05:22
Noah,Schultz,2026,https://www.spotrac.com/mlb/player/_/id/78038/noah-schultz,{},2026-04-16 13:05:24
Sam,Antonacci,2026,https://www.spotrac.com/mlb/player/_/id/94681/sam-antonacci,{},2026-04-16 13:05:24
